<?xml version="1.0" encoding="utf-16"?>
<ArrayOfDataModel xmlns:xsd="http://www.w3.org/2001/XMLSchema" xmlns:xsi="http://www.w3.org/2001/XMLSchema-instance">
  <DataModel>
    <Identity>
      <Id>AC9B91034D35F04D1BEACD913271A6F9</Id>
      <Version>7</Version>
      <Name>DM_SME_COB_MandatoryDocuments</Name>
    </Identity>
    <Category>
      <Id>F6354CD7818C4AEF8C2B6DBA95461E2C</Id>
      <AutomaticallyPopulate>true</AutomaticallyPopulate>
      <Name />
    </Category>
    <Data>
      <Fields>
        <DataModelField>
          <Identity>
            <Id>D9C50D20CD714197ABD5410DE9737658</Id>
            <Name>QRCCD</Name>
            <DisplayName>Any documents with QR CCD</DisplayName>
          </Identity>
          <Type>Boolean</Type>
          <DefaultValue xsi:type="xsd:boolean">false</DefaultValue>
          <SubFields />
          <IsUnnamed>false</IsUnnamed>
        </DataModelField>
        <DataModelField>
          <Identity>
            <Id>D5DDF57356BF4666AA6E4C615213FED3</Id>
            <Name>MoFMoSD</Name>
            <DisplayName>Approvals from Ministry of Finance And Planning</DisplayName>
          </Identity>
          <Type>Boolean</Type>
          <DefaultValue xsi:type="xsd:boolean">false</DefaultValue>
          <SubFields />
          <IsUnnamed>false</IsUnnamed>
        </DataModelField>
        <DataModelField>
          <Identity>
            <Id>84FFCD18F6DC4FBC9A1F175E26D40521</Id>
            <Name>CCAS</Name>
            <DisplayName>Certificate certified Authorized Signatories Updat</DisplayName>
          </Identity>
          <Type>Boolean</Type>
          <DefaultValue xsi:type="xsd:boolean">false</DefaultValue>
          <SubFields />
          <IsUnnamed>false</IsUnnamed>
        </DataModelField>
        <DataModelField>
          <Identity>
            <Id>8704692F300F4C21BC77277FA2B51F41</Id>
            <Name>ASGVT</Name>
            <DisplayName>Certificate including names of authorized sign Gov</DisplayName>
          </Identity>
          <Type>Boolean</Type>
          <DefaultValue xsi:type="xsd:boolean">false</DefaultValue>
          <SubFields />
          <IsUnnamed>false</IsUnnamed>
        </DataModelField>
        <DataModelField>
          <Identity>
            <Id>C0081F772B834845814C4D39FCBDFBFD</Id>
            <Name>CoRPC</Name>
            <DisplayName>Certificate of Registration for the parent company</DisplayName>
          </Identity>
          <Type>Boolean</Type>
          <DefaultValue xsi:type="xsd:boolean">false</DefaultValue>
          <SubFields />
          <IsUnnamed>false</IsUnnamed>
        </DataModelField>
        <DataModelField>
          <Identity>
            <Id>1ADFCF87EE7F4835A5D12DEFE530A1A7</Id>
            <Name>RC</Name>
            <DisplayName>Certificates of Registration</DisplayName>
          </Identity>
          <Type>Boolean</Type>
          <DefaultValue xsi:type="xsd:boolean">false</DefaultValue>
          <SubFields />
          <IsUnnamed>false</IsUnnamed>
        </DataModelField>
        <DataModelField>
          <Identity>
            <Id>B99C18CB375A487C8BC2CC51212BF8DE</Id>
            <Name>MIT</Name>
            <DisplayName>Certified Commercial Name MIT</DisplayName>
          </Identity>
          <Type>Boolean</Type>
          <DefaultValue xsi:type="xsd:boolean">false</DefaultValue>
          <SubFields />
          <IsUnnamed>false</IsUnnamed>
        </DataModelField>
        <DataModelField>
          <Identity>
            <Id>F51C30FDD02C4441A3CAA8BADFDEF793</Id>
            <Name>CRD</Name>
            <DisplayName>Commercial Register Document</DisplayName>
          </Identity>
          <Type>Boolean</Type>
          <DefaultValue xsi:type="xsd:boolean">false</DefaultValue>
          <SubFields />
          <IsUnnamed>false</IsUnnamed>
        </DataModelField>
        <DataModelField>
          <Identity>
            <Id>D42E38D1171A46509B5E5D8383F88536</Id>
            <Name>CoRC</Name>
            <DisplayName>Copies of registration certificate (Legal Person)</DisplayName>
          </Identity>
          <Type>Boolean</Type>
          <DefaultValue xsi:type="xsd:boolean">false</DefaultValue>
          <SubFields />
          <IsUnnamed>false</IsUnnamed>
        </DataModelField>
        <DataModelField>
          <Identity>
            <Id>A9960B33655B4859842D266F16794702</Id>
            <Name>IC</Name>
            <DisplayName>Identity Card / Passport</DisplayName>
          </Identity>
          <Type>Boolean</Type>
          <DefaultValue xsi:type="xsd:boolean">false</DefaultValue>
          <SubFields />
          <IsUnnamed>false</IsUnnamed>
        </DataModelField>
        <DataModelField>
          <Identity>
            <Id>7451F83F17184B5B9324AAAE08E327CE</Id>
            <Name>IRB</Name>
            <DisplayName>Internal Regulation and Bylaws</DisplayName>
          </Identity>
          <Type>Boolean</Type>
          <DefaultValue xsi:type="xsd:boolean">false</DefaultValue>
          <SubFields />
          <IsUnnamed>false</IsUnnamed>
        </DataModelField>
        <DataModelField>
          <Identity>
            <Id>C7EB137F3CC840AFB08B307FDF9C07FE</Id>
            <Name>LDA</Name>
            <DisplayName>Legal document Approval</DisplayName>
          </Identity>
          <Type>Boolean</Type>
          <DefaultValue xsi:type="xsd:boolean">false</DefaultValue>
          <SubFields />
          <IsUnnamed>false</IsUnnamed>
        </DataModelField>
        <DataModelField>
          <Identity>
            <Id>48E36B1F7E7E4CBC8DEA03780A559B87</Id>
            <Name>LRROA</Name>
            <DisplayName>Letter requesting the opening account official Aut</DisplayName>
          </Identity>
          <Type>Boolean</Type>
          <DefaultValue xsi:type="xsd:boolean">false</DefaultValue>
          <SubFields />
          <IsUnnamed>false</IsUnnamed>
        </DataModelField>
        <DataModelField>
          <Identity>
            <Id>7A1CF6D00F3B4DC0A0A45FC94C475A6A</Id>
            <Name>LPIMoF</Name>
            <DisplayName>Letter requesting opening of the account from Fina</DisplayName>
          </Identity>
          <Type>Boolean</Type>
          <DefaultValue xsi:type="xsd:boolean">false</DefaultValue>
          <SubFields />
          <IsUnnamed>false</IsUnnamed>
        </DataModelField>
        <DataModelField>
          <Identity>
            <Id>A8BB07F44B60403EBDEF75A50147C9B6</Id>
            <Name>LPSH</Name>
            <DisplayName>Letter with the names of Partners/Shareholders sig</DisplayName>
          </Identity>
          <Type>Boolean</Type>
          <DefaultValue xsi:type="xsd:boolean">false</DefaultValue>
          <SubFields />
          <IsUnnamed>false</IsUnnamed>
        </DataModelField>
        <DataModelField>
          <Identity>
            <Id>0DE9CE8CFEB34984BA98BBA9E71E4EDE</Id>
            <Name>MOA</Name>
            <DisplayName>MOA and AOA  (Companies Controller)</DisplayName>
          </Identity>
          <Type>Boolean</Type>
          <DefaultValue xsi:type="xsd:boolean">false</DefaultValue>
          <SubFields />
          <IsUnnamed>false</IsUnnamed>
        </DataModelField>
        <DataModelField>
          <Identity>
            <Id>AFC0DD05A8014A48A3406D985EC050A6</Id>
            <Name>MoMLP</Name>
            <DisplayName>Minutes of Meeting or Legal Power Attorney</DisplayName>
          </Identity>
          <Type>Boolean</Type>
          <DefaultValue xsi:type="xsd:boolean">false</DefaultValue>
          <SubFields />
          <IsUnnamed>false</IsUnnamed>
        </DataModelField>
        <DataModelField>
          <Identity>
            <Id>AD3A8614CA684929ABE9A63DA1094033</Id>
            <Name>MoMBOD</Name>
            <DisplayName>Minutes of Meeting company's BOD approved by Trade</DisplayName>
          </Identity>
          <Type>Boolean</Type>
          <DefaultValue xsi:type="xsd:boolean">false</DefaultValue>
          <SubFields />
          <IsUnnamed>false</IsUnnamed>
        </DataModelField>
        <DataModelField>
          <Identity>
            <Id>1F685F88032F4CE99CBCCB43C5E45769</Id>
            <Name>MoMGA</Name>
            <DisplayName>Minutes of the company's General app by CCD</DisplayName>
          </Identity>
          <Type>Boolean</Type>
          <DefaultValue xsi:type="xsd:boolean">false</DefaultValue>
          <SubFields />
          <IsUnnamed>false</IsUnnamed>
        </DataModelField>
        <DataModelField>
          <Identity>
            <Id>DF662885075F4756BE24D49EE1CF7C36</Id>
            <Name>BOD</Name>
            <DisplayName>Names of the Members of Management / BOD</DisplayName>
          </Identity>
          <Type>Boolean</Type>
          <DefaultValue xsi:type="xsd:boolean">false</DefaultValue>
          <SubFields />
          <IsUnnamed>false</IsUnnamed>
        </DataModelField>
        <DataModelField>
          <Identity>
            <Id>6E39ADBEB9594464B12247AFADC473AB</Id>
            <Name>OL</Name>
            <DisplayName>Occupational Licensing</DisplayName>
          </Identity>
          <Type>Boolean</Type>
          <DefaultValue xsi:type="xsd:boolean">false</DefaultValue>
          <SubFields />
          <IsUnnamed>false</IsUnnamed>
        </DataModelField>
        <DataModelField>
          <Identity>
            <Id>408C0F66C11F462789FF20749928D93A</Id>
            <Name>OPoA</Name>
            <DisplayName>Official Power of Attorney or Auth Signatories</DisplayName>
          </Identity>
          <Type>Boolean</Type>
          <DefaultValue xsi:type="xsd:boolean">false</DefaultValue>
          <SubFields />
          <IsUnnamed>false</IsUnnamed>
        </DataModelField>
        <DataModelField>
          <Identity>
            <Id>A5446845941544B38D339256FA504FCC</Id>
            <Name>PoA</Name>
            <DisplayName>Proof of Address (Home country)</DisplayName>
          </Identity>
          <Type>Boolean</Type>
          <DefaultValue xsi:type="xsd:boolean">false</DefaultValue>
          <SubFields />
          <IsUnnamed>false</IsUnnamed>
        </DataModelField>
        <DataModelField>
          <Identity>
            <Id>58F6D1ABCFFE4A36BB1FD4DA63C62C2E</Id>
            <Name>RCMoSD</Name>
            <DisplayName>Registration Certificate from Ministry of Youth</DisplayName>
          </Identity>
          <Type>Boolean</Type>
          <DefaultValue xsi:type="xsd:boolean">false</DefaultValue>
          <SubFields />
          <IsUnnamed>false</IsUnnamed>
        </DataModelField>
        <DataModelField>
          <Identity>
            <Id>87B9742C46EF488A9A472130BBC3F5E1</Id>
            <Name>RCSH</Name>
            <DisplayName>Registration Certificate including shareholders(Co</DisplayName>
          </Identity>
          <Type>Boolean</Type>
          <DefaultValue xsi:type="xsd:boolean">false</DefaultValue>
          <SubFields />
          <IsUnnamed>false</IsUnnamed>
        </DataModelField>
        <DataModelField>
          <Identity>
            <Id>FA25C24816D1476D980F2DBBC1B4916C</Id>
            <Name>RCRESH</Name>
            <DisplayName>Registration Certificates issued by Relevant Ent </DisplayName>
          </Identity>
          <Type>Boolean</Type>
          <DefaultValue xsi:type="xsd:boolean">false</DefaultValue>
          <SubFields />
          <IsUnnamed>false</IsUnnamed>
        </DataModelField>
        <DataModelField>
          <Identity>
            <Id>3A92621B73AF4373B618A394BB225B52</Id>
            <Name>ISTD</Name>
            <DisplayName>Tax number from ISTD</DisplayName>
          </Identity>
          <Type>Boolean</Type>
          <DefaultValue xsi:type="xsd:boolean">false</DefaultValue>
          <SubFields />
          <IsUnnamed>false</IsUnnamed>
        </DataModelField>
        <DataModelField>
          <Identity>
            <Id>C61C71373C164997B6F086461D422C25</Id>
            <Name>LRMoGD</Name>
            <DisplayName>letter requesting for opening account signed by GD</DisplayName>
          </Identity>
          <Type>Boolean</Type>
          <DefaultValue xsi:type="xsd:boolean">false</DefaultValue>
          <SubFields />
          <IsUnnamed>false</IsUnnamed>
        </DataModelField>
        <DataModelField>
          <Identity>
            <Id>207299BD8DF4084A280F9EDE8BAACF24</Id>
            <Name>RCRE</Name>
            <DisplayName>Registration certificates issued by relevent entit</DisplayName>
          </Identity>
          <Type>Boolean</Type>
          <DefaultValue xsi:type="xsd:boolean">false</DefaultValue>
          <SubFields />
          <IsUnnamed>false</IsUnnamed>
        </DataModelField>
      </Fields>
    </Data>
    <Status>Released</Status>
    <Description />
    <OwnerId>259ED8CAC70015459B75E79D5EA4FC16</OwnerId>
    <LastModifiedDate>2022-10-29T03:50:08.38</LastModifiedDate>
    <LastModifiedBy>
      <Id>4F82D1485180450D8742925B818C9962</Id>
      <AutomaticallyPopulate>true</AutomaticallyPopulate>
      <ResourceType>Worker</ResourceType>
      <EmailAddress />
      <UserId />
      <ManagerialLevel>0</ManagerialLevel>
    </LastModifiedBy>
  </DataModel>
</ArrayOfDataModel>