<?xml version="1.0" encoding="utf-16"?>
<ArrayOfBusinessRule xmlns:xsd="http://www.w3.org/2001/XMLSchema" xmlns:xsi="http://www.w3.org/2001/XMLSchema-instance">
  <BusinessRule>
    <Identity>
      <AutomaticallyPopulate>true</AutomaticallyPopulate>
      <Id>D927F1DBA6324579A741D6D9125E2B39</Id>
      <Name>BR_SME_COB_SaveUpdateUploadedDocuments</Name>
      <Version>6</Version>
      <ProcessId />
    </Identity>
    <LatestVersion>false</LatestVersion>
    <Version>6</Version>
    <ProcessIdentity>
      <Id>224942A1CE3D47FA93DFCE4FBBA9716A</Id>
      <AutomaticallyPopulate>true</AutomaticallyPopulate>
      <Version>6</Version>
      <Name>BR_SME_COB_SaveUpdateUploadedDocuments</Name>
    </ProcessIdentity>
    <RuleType>Process</RuleType>
    <CategoryIdentity>
      <Id>F6354CD7818C4AEF8C2B6DBA95461E2C</Id>
      <AutomaticallyPopulate>true</AutomaticallyPopulate>
      <Name />
    </CategoryIdentity>
    <LastModifiedUserName>Padma</LastModifiedUserName>
    <FlaggedForRelease>false</FlaggedForRelease>
    <CurrentRuleView>Released</CurrentRuleView>
    <IsRuleInUse>false</IsRuleInUse>
    <LastModifiedUser>2CCCB3FF43F24057BA1948D9263C1D2A</LastModifiedUser>
    <LastModifiedDate>2022-10-29T03:01:12.733</LastModifiedDate>
    <WIPRuleData>
      <decisiontabledata>
        <HitPolicyType>First</HitPolicyType>
        <ShowOnTableVariables />
        <CollectPolicyOperator>None</CollectPolicyOperator>
      </decisiontabledata>
    </WIPRuleData>
    <ReleaseRuleData>
      <inputs>
        <name>UNIQUEID</name>
        <type>8</type>
        <description>UniqueID</description>
      </inputs>
      <inputs>
        <name>MANDATORYDOCUMENTS</name>
        <type>32748</type>
        <description>MandatoryDocuments</description>
      </inputs>
      <inputs>
        <name>UPLOADEDDOCUMENTS</name>
        <type>32748</type>
        <description>UploadedDocuments</description>
      </inputs>
      <businessrulecalculations />
      <decisiontabledata>
        <HitPolicyType>First</HitPolicyType>
        <ShowOnTableVariables />
        <CollectPolicyOperator>None</CollectPolicyOperator>
      </decisiontabledata>
    </ReleaseRuleData>
    <Description />
    <Rule>
      <inputs>
        <name>UNIQUEID</name>
        <type>8</type>
        <description>UniqueID</description>
      </inputs>
      <inputs>
        <name>MANDATORYDOCUMENTS</name>
        <type>32748</type>
        <description>MandatoryDocuments</description>
      </inputs>
      <inputs>
        <name>UPLOADEDDOCUMENTS</name>
        <type>32748</type>
        <description>UploadedDocuments</description>
      </inputs>
      <businessrulecalculations />
      <decisiontabledata>
        <HitPolicyType>First</HitPolicyType>
        <ShowOnTableVariables />
        <CollectPolicyOperator>None</CollectPolicyOperator>
      </decisiontabledata>
    </Rule>
  </BusinessRule>
  <BusinessRule>
    <Identity>
      <AutomaticallyPopulate>true</AutomaticallyPopulate>
      <Id>C921C6445A4A41F5BBA5604AEE5C4464</Id>
      <Name>BR_SME_COB_GetMissingDocs</Name>
      <Version>9</Version>
      <ProcessId />
    </Identity>
    <LatestVersion>false</LatestVersion>
    <Version>9</Version>
    <ProcessIdentity>
      <Id>2BC5B39E4F33B34BEC01F5B5D7D086A4</Id>
      <AutomaticallyPopulate>true</AutomaticallyPopulate>
      <Version>9</Version>
      <Name>BR_SME_COB_GetMissingDocs</Name>
    </ProcessIdentity>
    <RuleType>Process</RuleType>
    <CategoryIdentity>
      <Id>F6354CD7818C4AEF8C2B6DBA95461E2C</Id>
      <AutomaticallyPopulate>true</AutomaticallyPopulate>
      <Name />
    </CategoryIdentity>
    <LastModifiedUserName>Padma</LastModifiedUserName>
    <FlaggedForRelease>false</FlaggedForRelease>
    <CurrentRuleView>Released</CurrentRuleView>
    <IsRuleInUse>false</IsRuleInUse>
    <LastModifiedUser>2CCCB3FF43F24057BA1948D9263C1D2A</LastModifiedUser>
    <LastModifiedDate>2022-10-29T03:00:09.987</LastModifiedDate>
    <WIPRuleData>
      <decisiontabledata>
        <HitPolicyType>First</HitPolicyType>
        <ShowOnTableVariables />
        <CollectPolicyOperator>None</CollectPolicyOperator>
      </decisiontabledata>
    </WIPRuleData>
    <ReleaseRuleData>
      <inputs>
        <name>UNIQUEID</name>
        <type>8</type>
        <description>UniqueID</description>
      </inputs>
      <outputs>
        <name>ISMISINGDOCUMENTSFOUND</name>
        <type>11</type>
        <description>IsMisingDocumentsFound</description>
      </outputs>
      <businessrulecalculations />
      <decisiontabledata>
        <HitPolicyType>First</HitPolicyType>
        <ShowOnTableVariables />
        <CollectPolicyOperator>None</CollectPolicyOperator>
      </decisiontabledata>
    </ReleaseRuleData>
    <Description />
    <Rule>
      <inputs>
        <name>UNIQUEID</name>
        <type>8</type>
        <description>UniqueID</description>
      </inputs>
      <outputs>
        <name>ISMISINGDOCUMENTSFOUND</name>
        <type>11</type>
        <description>IsMisingDocumentsFound</description>
      </outputs>
      <businessrulecalculations />
      <decisiontabledata>
        <HitPolicyType>First</HitPolicyType>
        <ShowOnTableVariables />
        <CollectPolicyOperator>None</CollectPolicyOperator>
      </decisiontabledata>
    </Rule>
  </BusinessRule>
</ArrayOfBusinessRule>