<processmaps xmlns:dt="urn:schemas-microsoft-com:datatypes" dbversion="7.900000" parentprocessmapversion="16.000000" parentprocessmapid="A1828D8C1E8EB8170061F002F72898FA"><projectlist /><webservices></webservices><projectlist /><processmap><procdata><mapid>A1828D8C1E8EB8170061F002F72898FA</mapid><mapname>BP_ SME_COB_Missing_Documents</mapname><mapauthor>Siva Chanakya Varma</mapauthor><mapauthorid>6D9E4083980941B6B21DC97E36FA35F7</mapauthorid><maptrackstorejvh>0</maptrackstorejvh><helptext></helptext><lastmodified>2CCCB3FF43F24057BA1948D9263C1D2A</lastmodified><allocationalgorithm>0</allocationalgorithm><arrowstyle>0</arrowstyle><arrowweighting>0</arrowweighting><designtimesettings>&lt;designtimesettings&gt;&lt;annotations /&gt;&lt;attachments /&gt;&lt;collaborationnodes /&gt;&lt;groupartifacts /&gt;&lt;pools&gt;&lt;pool&gt;&lt;xposition&gt;25&lt;/xposition&gt;&lt;yposition&gt;25&lt;/yposition&gt;&lt;width&gt;1400&lt;/width&gt;&lt;height&gt;600&lt;/height&gt;&lt;name&gt;New process&lt;/name&gt;&lt;id&gt;A9B082EC7F80075386AB1926CC7ABD80&lt;/id&gt;&lt;type&gt;0&lt;/type&gt;&lt;lanes&gt;&lt;lane&gt;&lt;name&gt;Lane1&lt;/name&gt;&lt;index&gt;0&lt;/index&gt;&lt;poolid&gt;A9B082EC7F80075386AB1926CC7ABD80&lt;/poolid&gt;&lt;height&gt;600&lt;/height&gt;&lt;/lane&gt;&lt;/lanes&gt;&lt;/pool&gt;&lt;/pools&gt;&lt;messageflows /&gt;&lt;layoutdirection&gt;Horizontal&lt;/layoutdirection&gt;&lt;layouttype&gt;ProcessTree&lt;/layouttype&gt;&lt;zoomfactor&gt;100&lt;/zoomfactor&gt;&lt;viewactivitycost&gt;False&lt;/viewactivitycost&gt;&lt;viewactivityduration&gt;False&lt;/viewactivityduration&gt;&lt;viewactivityresources&gt;False&lt;/viewactivityresources&gt;&lt;viewgroups&gt;False&lt;/viewgroups&gt;&lt;viewpools&gt;False&lt;/viewpools&gt;&lt;compatiblewithallcasedefversions&gt;0&lt;/compatiblewithallcasedefversions&gt;&lt;startnodes&gt;&lt;startnode&gt;&lt;designtimesettings&gt;&lt;xposition&gt;45&lt;/xposition&gt;&lt;yposition&gt;347.175018310547&lt;/yposition&gt;&lt;width&gt;30&lt;/width&gt;&lt;height&gt;30&lt;/height&gt;&lt;inheritcolorfromsystem&gt;True&lt;/inheritcolorfromsystem&gt;&lt;colour&gt;#62A716&lt;/colour&gt;&lt;eventtype&gt;Default&lt;/eventtype&gt;&lt;name&gt;Start&lt;/name&gt;&lt;textposition&gt;Top&lt;/textposition&gt;&lt;conditionpathdescription /&gt;&lt;lane&gt;&lt;name /&gt;&lt;index&gt;0&lt;/index&gt;&lt;poolid /&gt;&lt;height&gt;0&lt;/height&gt;&lt;/lane&gt;&lt;annotations /&gt;&lt;attachments /&gt;&lt;/designtimesettings&gt;&lt;/startnode&gt;&lt;/startnodes&gt;&lt;redraw&gt;False&lt;/redraw&gt;&lt;/designtimesettings&gt;</designtimesettings><attachments></attachments><annotations></annotations><formsections></formsections><form></form><categoryid>F6354CD7818C4AEF8C2B6DBA95461E2C</categoryid><targetdays>0</targetdays><targethours>0</targethours><targetmins>0</targetmins><targetsecs>0</targetsecs><priority>1</priority><transactional>0</transactional><backgroundcolour>0</backgroundcolour><version>16.000000</version><cost>0.000000</cost><creationdate>2022-10-19T18:06:21</creationdate><changedate>2022-10-29T03:04:58</changedate><description></description><status>2</status><newmap>0</newmap><archivefinishedjobs>1</archivefinishedjobs><straightthrough>0</straightthrough><poolid>0</poolid><dynexpfinishtimevar></dynexpfinishtimevar><mapmilestonesrvstdtag /><mapmilestonescopetag>0</mapmilestonescopetag><mapmilestonetag /><dynamicbudget></dynamicbudget><budget>0.000000</budget><processtype>0</processtype><processtypestring>BusinessProcess</processtypestring><associatedcaseid></associatedcaseid><associatedcase></associatedcase><latestcaseversion>0.000000</latestcaseversion><prefixvariable>0</prefixvariable><completioneventmapid></completioneventmapid><completioneventmapname></completioneventmapname><assocjobsoncompletion>0</assocjobsoncompletion><sendemail>0</sendemail><emailto>0</emailto><subjecttext></subjecttext><subjectvar></subjectvar><contenttext></contenttext><contentvar></contentvar><urltext></urltext><urlvar></urlvar><appendassocfile>0</appendassocfile><initialisationvariables><initialisationvariable><varname>FOLDERID</varname></initialisationvariable><initialisationvariable><varname>UNIQUEID</varname></initialisationvariable></initialisationvariables><outputvariables /><maintenanceaccess><resource><resourcetype>3</resourcetype><resourcename>Everyone</resourcename><resourceid>7DF43CCDF24611D2804B00104B71BD15</resourceid><serverid>259ED8CAC70015459B75E79D5EA4FC16</serverid><unavailability>Default</unavailability><accesstype>0</accesstype><seqassignorder>0</seqassignorder><excluded>0</excluded></resource></maintenanceaccess><creationaccess><resource><resourcetype>3</resourcetype><resourcename>Everyone</resourcename><resourceid>7DF43CCDF24611D2804B00104B71BD15</resourceid><serverid>259ED8CAC70015459B75E79D5EA4FC16</serverid><unavailability>Default</unavailability><accesstype>0</accesstype><seqassignorder>0</seqassignorder><excluded>0</excluded></resource></creationaccess><suspendaccess><resource><resourcetype>3</resourcetype><resourcename>Everyone</resourcename><resourceid>7DF43CCDF24611D2804B00104B71BD15</resourceid><serverid>259ED8CAC70015459B75E79D5EA4FC16</serverid><unavailability>Default</unavailability><accesstype>0</accesstype><seqassignorder>0</seqassignorder><excluded>0</excluded></resource></suspendaccess><terminateaccess><resource><resourcetype>3</resourcetype><resourcename>Everyone</resourcename><resourceid>7DF43CCDF24611D2804B00104B71BD15</resourceid><serverid>259ED8CAC70015459B75E79D5EA4FC16</serverid><unavailability>Default</unavailability><accesstype>0</accesstype><seqassignorder>0</seqassignorder><excluded>0</excluded></resource></terminateaccess><restartaccess><resource><resourcetype>3</resourcetype><resourcename>Everyone</resourcename><resourceid>7DF43CCDF24611D2804B00104B71BD15</resourceid><serverid>259ED8CAC70015459B75E79D5EA4FC16</serverid><unavailability>Default</unavailability><accesstype>0</accesstype><seqassignorder>0</seqassignorder><excluded>0</excluded></resource></restartaccess><holdaccess><resource><resourcetype>3</resourcetype><resourcename>Everyone</resourcename><resourceid>7DF43CCDF24611D2804B00104B71BD15</resourceid><serverid>259ED8CAC70015459B75E79D5EA4FC16</serverid><unavailability>Default</unavailability><accesstype>0</accesstype><seqassignorder>0</seqassignorder><excluded>0</excluded></resource></holdaccess><customiseaccess /><jobdetailviewaccess><resource><resourcetype>3</resourcetype><resourcename>Everyone</resourcename><resourceid>7DF43CCDF24611D2804B00104B71BD15</resourceid><serverid>259ED8CAC70015459B75E79D5EA4FC16</serverid><unavailability>Default</unavailability><accesstype>0</accesstype><seqassignorder>0</seqassignorder><excluded>0</excluded></resource></jobdetailviewaccess><scanvrsprofileaccess><resource><resourcetype>3</resourcetype><resourcename>Everyone</resourcename><resourceid>7DF43CCDF24611D2804B00104B71BD15</resourceid><serverid>259ED8CAC70015459B75E79D5EA4FC16</serverid><unavailability>Default</unavailability><accesstype>0</accesstype><seqassignorder>0</seqassignorder><excluded>0</excluded></resource></scanvrsprofileaccess><separationprofileaccess><resource><resourcetype>3</resourcetype><resourcename>Everyone</resourcename><resourceid>7DF43CCDF24611D2804B00104B71BD15</resourceid><serverid>259ED8CAC70015459B75E79D5EA4FC16</serverid><unavailability>Default</unavailability><accesstype>0</accesstype><seqassignorder>0</seqassignorder><excluded>0</excluded></resource></separationprofileaccess><updatedocumentcontaineraccess /><editbusinessdataaccess /><defaultusableresources><resource><resourcetype>3</resourcetype><resourcename>Everyone</resourcename><resourceid>7DF43CCDF24611D2804B00104B71BD15</resourceid><serverid>259ED8CAC70015459B75E79D5EA4FC16</serverid><unavailability>Default</unavailability><accesstype>0</accesstype><seqassignorder>0</seqassignorder><excluded>0</excluded></resource></defaultusableresources><exceptions><exception><exceptioncode>EXP0004</exceptioncode><processmapid /><processmapname /><description>Invoked when the cost of job exceeds the expected value.</description><version>0.000000</version><serveronly>0</serveronly></exception><exception><exceptioncode>EXP0005</exceptioncode><processmapid /><processmapname /><description>Invoked when a job exceeds its expected duration.</description><version>0.000000</version><serveronly>0</serveronly></exception><exception><exceptioncode>EXP0006</exceptioncode><processmapid /><processmapname /><description>Invoked when an activity exceeds its expected duration.</description><version>0.000000</version><serveronly>0</serveronly></exception><exception><exceptioncode>EXP0009</exceptioncode><processmapid /><processmapname /><description>Invoked when a Script Object fails to execute automatically.</description><version>0.000000</version><serveronly>0</serveronly></exception><exception><exceptioncode>EXP0010</exceptioncode><processmapid /><processmapname /><description>Invoked when a process is stalled.</description><version>0.000000</version><serveronly>0</serveronly></exception><exception><exceptioncode>EXP0013</exceptioncode><processmapid /><processmapname /><description>Invoked when an activity crosses the due date.</description><version>0.000000</version><serveronly>0</serveronly></exception><exception><exceptioncode>EXP0017</exceptioncode><processmapid /><processmapname /><description>Invoked when synchronous processing fails.</description><version>0.000000</version><serveronly>0</serveronly></exception><exception><exceptioncode>EXP0018</exceptioncode><processmapid /><processmapname /><description>Invoked when no usable resource is assigned to an activity.</description><version>0.000000</version><serveronly>0</serveronly></exception><exception><exceptioncode>EXP0019</exceptioncode><processmapid /><processmapname /><description>Invoked when a .NET object fails to execute.</description><version>0.000000</version><serveronly>0</serveronly></exception><exception><exceptioncode>EXP0020</exceptioncode><processmapid /><processmapname /><description>Invoked when a Web Service object fails to execute.</description><version>0.000000</version><serveronly>0</serveronly></exception><exception><exceptioncode>EXP0022</exceptioncode><processmapid /><processmapname /><description>Invoked when a C# Script activity fails to execute when running automatically.</description><version>0.000000</version><serveronly>0</serveronly></exception><exception><exceptioncode>EXP0023</exceptioncode><processmapid /><processmapname /><description>Invoked when a VB .NET Script activity fails to execute.</description><version>0.000000</version><serveronly>0</serveronly></exception><exception><exceptioncode>EXP0025</exceptioncode><processmapid /><processmapname /><description>Invoked when a Data Access activity fails to execute.</description><version>0.000000</version><serveronly>0</serveronly></exception><exception><exceptioncode>EXP0036</exceptioncode><processmapid /><processmapname /><description>Invoked when the transfer of documents to another server fails to execute.</description><version>0.000000</version><serveronly>0</serveronly></exception><exception><exceptioncode>EXP0038</exceptioncode><processmapid /><processmapname /><description>Invoked when any automatic activity fails to execute.</description><version>0.000000</version><serveronly>0</serveronly></exception></exceptions><states /><milestones /><bpescalations /><mapvirtualfolders><virtualfolderstructure></virtualfolderstructure><indexdatacollection /><mapvirtualfolderstructure></mapvirtualfolderstructure></mapvirtualfolders><serverid>259ED8CAC70015459B75E79D5EA4FC16</serverid><xmlexpressionlist /><ragstatus><amberthreshold>0</amberthreshold><redthreshold>0</redthreshold><blackthreshold>0</blackthreshold><purplethreshold>0</purplethreshold></ragstatus><casedefcomruntime_data /><archivetopi>0</archivetopi><runtime_settings>0</runtime_settings><process_owner_id></process_owner_id><score_rule /><map_valid_from /><map_valid_to /><captureenabled>0</captureenabled><iscaptureprocess>0</iscaptureprocess><reportingtag></reportingtag><settingsxml>&lt;?xml version="1.0" encoding="utf-16"?&gt;
&lt;BusinessProcessSettings xmlns:xsd="http://www.w3.org/2001/XMLSchema" xmlns:xsi="http://www.w3.org/2001/XMLSchema-instance"&gt;
  &lt;CaptureProcessSettings&gt;
    &lt;ClassificationGroup&gt;
      &lt;Id /&gt;
      &lt;AutomaticallyPopulate&gt;true&lt;/AutomaticallyPopulate&gt;
      &lt;Version&gt;0&lt;/Version&gt;
      &lt;Name /&gt;
    &lt;/ClassificationGroup&gt;
    &lt;ScanVrsProfiles&gt;
      &lt;ScanVrsProfileIdentity&gt;
        &lt;Id&gt;C525FA863EB74348961543C740ED00A0&lt;/Id&gt;
        &lt;Name&gt;Default&lt;/Name&gt;
      &lt;/ScanVrsProfileIdentity&gt;
    &lt;/ScanVrsProfiles&gt;
    &lt;SeparationProfile /&gt;
    &lt;DefaultScanVrsProfile&gt;
      &lt;Id&gt;C525FA863EB74348961543C740ED00A0&lt;/Id&gt;
      &lt;Name&gt;Default&lt;/Name&gt;
    &lt;/DefaultScanVrsProfile&gt;
    &lt;DocConversionProfiles /&gt;
    &lt;DefaultDocConversionProfile /&gt;
    &lt;SaveScannedImageAsPageRendition&gt;false&lt;/SaveScannedImageAsPageRendition&gt;
    &lt;PageRendition&gt;0&lt;/PageRendition&gt;
    &lt;PdfTextExtractionMode&gt;0&lt;/PdfTextExtractionMode&gt;
    &lt;AllowRotateReorderImportedImages&gt;true&lt;/AllowRotateReorderImportedImages&gt;
    &lt;AllowSplitMergeDeleteImportedDocument&gt;true&lt;/AllowSplitMergeDeleteImportedDocument&gt;
    &lt;PdfTextWordSeparationChars&gt;/:()-#&lt;/PdfTextWordSeparationChars&gt;
  &lt;/CaptureProcessSettings&gt;
  &lt;RetentionPolicySettings&gt;
    &lt;KeepForever&gt;true&lt;/KeepForever&gt;
    &lt;RetentionPolicyDuration&gt;
      &lt;Years&gt;1&lt;/Years&gt;
      &lt;Months&gt;0&lt;/Months&gt;
      &lt;Days&gt;0&lt;/Days&gt;
      &lt;Hours&gt;0&lt;/Hours&gt;
      &lt;Minutes&gt;0&lt;/Minutes&gt;
    &lt;/RetentionPolicyDuration&gt;
  &lt;/RetentionPolicySettings&gt;
  &lt;MaximumLoopCount&gt;0&lt;/MaximumLoopCount&gt;
  &lt;ShowSpecificOutputVariables&gt;true&lt;/ShowSpecificOutputVariables&gt;
  &lt;VariableDisplayPropertiesCollection&gt;
    &lt;VariableDisplayProperties&gt;
      &lt;VariableIdentity&gt;
        &lt;Id&gt;UNIQUEID&lt;/Id&gt;
        &lt;Version&gt;0&lt;/Version&gt;
        &lt;DisplayName&gt;UniqueID&lt;/DisplayName&gt;
      &lt;/VariableIdentity&gt;
      &lt;StringVariableDisplayProperties&gt;
        &lt;VariableControlType&gt;Singleline&lt;/VariableControlType&gt;
        &lt;MaxNumberOfCharacters&gt;10000&lt;/MaxNumberOfCharacters&gt;
        &lt;LookupIdentity /&gt;
        &lt;StaticData /&gt;
        &lt;Mandatory&gt;false&lt;/Mandatory&gt;
      &lt;/StringVariableDisplayProperties&gt;
      &lt;MinDate xsi:nil="true" /&gt;
      &lt;MaxDate xsi:nil="true" /&gt;
      &lt;DecimalPrecision&gt;0&lt;/DecimalPrecision&gt;
    &lt;/VariableDisplayProperties&gt;
  &lt;/VariableDisplayPropertiesCollection&gt;
&lt;/BusinessProcessSettings&gt;</settingsxml><associateddotnetreferences /><processnotes /><cnjformidentity><id /><name /></cnjformidentity><hasdocumentcontainer>0</hasdocumentcontainer></procdata><entitylist></entitylist><variableslist><variable><varname>FOLDERID</varname><vartype>32759</vartype><varvalue>&lt;?xml version="1.0" encoding="utf-16"?&gt;
&lt;FolderVariableValue xmlns:xsd="http://www.w3.org/2001/XMLSchema" xmlns:xsi="http://www.w3.org/2001/XMLSchema-instance"&gt;
  &lt;FolderType&gt;0BA56967F1FC42EC89758D4674149019&lt;/FolderType&gt;
  &lt;FolderName&gt;Default Folder&lt;/FolderName&gt;
  &lt;InstanceId /&gt;
&lt;/FolderVariableValue&gt;</varvalue><dynamic>0</dynamic><used_in_skin>0</used_in_skin><entityid>4FEE4E069417475DAC5D2C2E5C95CA49</entityid><entityname>Default Data Grouping</entityname><vardisplayname>FolderID</vardisplayname><variablemembers /></variable><variable><varname>ISMISSINGDOCSFOUND</varname><vartype>11</vartype><varvalue>0</varvalue><dynamic>0</dynamic><used_in_skin>0</used_in_skin><entityid>4FEE4E069417475DAC5D2C2E5C95CA49</entityid><entityname>Default Data Grouping</entityname><vardisplayname>IsMissingDocsFound</vardisplayname><variablemembers /></variable><variable><varname>MISSINGDOCUMENTS</varname><vartype>32748</vartype><varvalue>{"ModelIdentity":{"Id":"AC9B91034D35F04D1BEACD913271A6F9","Name":"DM_Retail_COB_MissingDocuments"},"Fields":[]}</varvalue><dynamic>0</dynamic><used_in_skin>0</used_in_skin><entityid>4FEE4E069417475DAC5D2C2E5C95CA49</entityid><entityname>Default Data Grouping</entityname><vardisplayname>MissingDocuments</vardisplayname><variablemembers /></variable><variable><varname>UNIQUEID</varname><vartype>8</vartype><varvalue xml:space="preserve"></varvalue><dynamic>0</dynamic><used_in_skin>0</used_in_skin><entityid>4FEE4E069417475DAC5D2C2E5C95CA49</entityid><entityname>Default Data Grouping</entityname><vardisplayname>UniqueID</vardisplayname><variablemembers /></variable><variable><varname>UPLOADEDDOCUMENTS</varname><vartype>32748</vartype><varvalue>{"ModelIdentity":{"Id":"233CB3596ED6BE3CB08D082580E8933C","Name":"DM_Retail_COB_UploadedDocuments"},"Fields":[]}</varvalue><dynamic>0</dynamic><used_in_skin>0</used_in_skin><entityid>4FEE4E069417475DAC5D2C2E5C95CA49</entityid><entityname>Default Data Grouping</entityname><vardisplayname>UploadedDocuments</vardisplayname><variablemembers /></variable></variableslist><roleslist /><processeventlist /><nodelist><node><nodetype>1</nodetype><nodedata><processid>A1828D8C1E8EB8170061F002F72898FA</processid><version>16.000000</version><nodeid>1</nodeid><isstartnode>1</isstartnode><nodetype>1</nodetype><designtimetype>101</designtimetype><activationprobability>100</activationprobability><embeddedname></embeddedname><state /><statescope>0</statescope><activitymilestone></activitymilestone><activitymilestonescope>0</activitymilestonescope><activitypendmilestone></activitypendmilestone><activitypendmilestonescope>0</activitypendmilestonescope><activitydonemilestone></activitydonemilestone><activitydonemilestonescope>0</activitydonemilestonescope><nodependevent /><nodependeventscope>0</nodependeventscope><nodedoneevent /><nodedoneeventscope>0</nodedoneeventscope><titleposno>5</titleposno><embeddedproccount>0</embeddedproccount><iscustomnode>0</iscustomnode><designtimesettings>&lt;designtimesettings&gt;&lt;xposition&gt;185&lt;/xposition&gt;&lt;yposition&gt;347.175018310547&lt;/yposition&gt;&lt;width&gt;90&lt;/width&gt;&lt;height&gt;60&lt;/height&gt;&lt;inheritcolorfromsystem&gt;True&lt;/inheritcolorfromsystem&gt;&lt;colour&gt;#FFE3EDF3&lt;/colour&gt;&lt;textposition&gt;Top&lt;/textposition&gt;&lt;conditionpathdescription /&gt;&lt;lane&gt;&lt;name /&gt;&lt;index&gt;0&lt;/index&gt;&lt;poolid /&gt;&lt;height&gt;0&lt;/height&gt;&lt;/lane&gt;&lt;annotations /&gt;&lt;attachments /&gt;&lt;resourcenotes /&gt;&lt;/designtimesettings&gt;</designtimesettings><attachments></attachments><annotations></annotations><dependants /><destinationnodes><destinationnode><nodeid>3</nodeid><nodetype>2</nodetype></destinationnode></destinationnodes><originnodes><originnode><nodeid>4</nodeid><nodetype>1</nodetype></originnode></originnodes><branchingrules /><runtimesettings>0</runtimesettings></nodedata><activitydata><inputvariables><inputvariable><varid>SPP_SYSTEM_SESSION_ID</varid></inputvariable><inputvariable><varid>UNIQUEID</varid></inputvariable><inputvariable><varid>ISMISSINGDOCSFOUND</varid></inputvariable></inputvariables><outputvariables /><requiredresources /><usableresources /><dynamicresourcesdata><overwriteusableresources>0</overwriteusableresources><dynamicresourcesvariables /></dynamicresourcesdata><targettime>0</targettime><delaytime>0</delaytime><expectedcost>0.000000</expectedcost><securitylevel>10</securitylevel><skilllevel>10</skilllevel><useprevioususer>0</useprevioususer><tasktype>7</tasktype><priority>1</priority><automatic>1</automatic><trackstorejvh>0</trackstorejvh><usesameasprevious>0</usesameasprevious><taskid>0</taskid><usesameasprevioustype>0</usesameasprevioustype><fixedcost>0.000000</fixedcost><taskname>BR_Get Missing Documents</taskname><resourceid /><createdby>6D9E4083980941B6B21DC97E36FA35F7</createdby><purpose></purpose><description></description><script></script><processid /><creationdate>2022-10-29T10:34:33.93260</creationdate><transactionalinfo /><createnewjobinfo><cnjprocessid></cnjprocessid><initparams></initparams><outputs></outputs><varid></varid><jobtype>0</jobtype><reftype>0</reftype></createnewjobinfo><scriptprogid></scriptprogid><preloadscript>1</preloadscript><assocfile></assocfile><designinfo /><sleepinfo>0</sleepinfo><jobowneridinfo></jobowneridinfo><jobownervaridinfo></jobownervaridinfo><negativelagtime>0</negativelagtime><dynduedate>0</dynduedate><dynduedatevar /><dyntargetdurationvar /><sendemail>0</sendemail><emailto>0</emailto><subjecttext></subjecttext><subjectvar></subjectvar><contenttext></contenttext><contentvar></contentvar><urltext></urltext><urlvar></urlvar><appendassocfile>0</appendassocfile><dotnet><dotnetactivity><assemblyid>TotalAgility.Sdk.dll</assemblyid><assemblyloadtype>0</assemblyloadtype><assemblyname>TotalAgility.Sdk.dll</assemblyname><classname>TotalAgility.Sdk.BusinessRuleService</classname><methodname>EvaluateBusinessRule</methodname><duplicatemethodno>1</duplicatemethodno><noofparams>0</noofparams><paramsmappingxmltag>&lt;parameters&gt;&lt;param direction="in" source="SPP_SYSTEM_SESSION_ID" field="SPP_SYSTEM_SESSION_ID" datatype="System.String" value="SPP_SYSTEM_SESSION_ID" name="sessionId" selection="false" /&gt;&lt;param direction="in" source="" field="" datatype="Agility.Sdk.Model.BusinessRules.BusinessRuleIdentity" value="" name="businessRuleIdentity" selection="false"&gt;&lt;member name="Id" source="inline" type="System.String" value="C921C6445A4A41F5BBA5604AEE5C4464" field="" selection="false" index="0" /&gt;&lt;member name="Name" source="inline" type="System.String" value="BR_SME_COB_GetMissingDocs" field="" selection="false" index="0" /&gt;&lt;member name="Version" source="inline" type="System.Double" value="0" field="" selection="false" index="0" /&gt;&lt;/param&gt;&lt;param direction="in" source="" field="" datatype="Agility.Sdk.Model.BusinessRules.BusinessRuleInput[]" value="" name="ruleInputs" selection="false"&gt;&lt;member name="" source="" type="Agility.Sdk.Model.BusinessRules.BusinessRuleInput" value="" field="" selection="false" index="0"&gt;&lt;member name="Name" source="inline" type="System.String" value="UNIQUEID" field="" selection="false" index="0" /&gt;&lt;member name="Type" source="inline" type="System.Int16" value="8" field="" selection="false" index="0" /&gt;&lt;member name="Value" source="UNIQUEID" type="System.Object" value="UNIQUEID" field="UNIQUEID" selection="false" index="0" /&gt;&lt;/member&gt;&lt;/param&gt;&lt;param direction="in" source="inline" field="" datatype="System.Boolean" value="true" name="verifyReleasedStatus" selection="false" /&gt;&lt;param direction="ret" source="" field="" datatype="Agility.Sdk.Model.BusinessRules.BusinessRuleOutput[]" value="" name="ruleInputs" selection="false"&gt;&lt;member name="" source="" type="Agility.Sdk.Model.BusinessRules.BusinessRuleOutput" value="" field="" selection="false" index="0"&gt;&lt;member name="Name" source="inline" type="System.String" value="ISMISINGDOCUMENTSFOUND" field="" selection="false" index="0" /&gt;&lt;member name="Type" source="inline" type="System.Int16" value="11" field="" selection="false" index="0" /&gt;&lt;member name="Value" source="ISMISSINGDOCSFOUND" type="System.Object" value="ISMISSINGDOCSFOUND" field="ISMISSINGDOCSFOUND" selection="false" index="0" /&gt;&lt;/member&gt;&lt;/param&gt;&lt;/parameters&gt;</paramsmappingxmltag></dotnetactivity></dotnet><webservice /><activityinfo><useadvworkflowrules>0</useadvworkflowrules><seqactivityassignment>0</seqactivityassignment><concuractivityaccess>0</concuractivityaccess><noofusableresourcesreq>0</noofusableresourcesreq><exitcondition></exitcondition><expandgroups>0</expandgroups><noofusableresourcesreqvarid /></activityinfo><categoryid>F6354CD7818C4AEF8C2B6DBA95461E2C</categoryid><poolid>0</poolid><activityruntimesettings>0</activityruntimesettings><activityragamberthreshold>0</activityragamberthreshold><activityragredthreshold>0</activityragredthreshold><activityragblackthreshold>0</activityragblackthreshold><activityragpurplethreshold>0</activityragpurplethreshold><form /><xmldata /><dataaccess /><getresourceinfo /><jobvariableinfo /><baminfo /><bpescalations /><preconditionslist /><startmethod></startmethod><classnamespace></classnamespace><resetlimit>-1</resetlimit><activitytimedoutaction>0</activitytimedoutaction><suspendreasontext></suspendreasontext><suspendreasonvarid></suspendreasonvarid></activitydata></node><node><nodetype>2</nodetype><nodedata><processid>A1828D8C1E8EB8170061F002F72898FA</processid><version>16.000000</version><nodeid>3</nodeid><isstartnode>0</isstartnode><nodetype>2</nodetype><designtimetype>0</designtimetype><activationprobability>100</activationprobability><embeddedname></embeddedname><state /><statescope>0</statescope><activitymilestone /><activitymilestonescope>0</activitymilestonescope><activitypendmilestone></activitypendmilestone><activitypendmilestonescope>0</activitypendmilestonescope><activitydonemilestone></activitydonemilestone><activitydonemilestonescope>0</activitydonemilestonescope><nodependevent /><nodependeventscope>0</nodependeventscope><nodedoneevent /><nodedoneeventscope>0</nodedoneeventscope><titleposno>5</titleposno><embeddedproccount>0</embeddedproccount><iscustomnode>0</iscustomnode><designtimesettings>&lt;designtimesettings&gt;&lt;xposition&gt;340&lt;/xposition&gt;&lt;yposition&gt;279.175018310547&lt;/yposition&gt;&lt;width&gt;60&lt;/width&gt;&lt;height&gt;60&lt;/height&gt;&lt;inheritcolorfromsystem&gt;True&lt;/inheritcolorfromsystem&gt;&lt;colour&gt;#FFD5DC43&lt;/colour&gt;&lt;textposition&gt;Top&lt;/textposition&gt;&lt;conditionpathdescription /&gt;&lt;lane&gt;&lt;name /&gt;&lt;index&gt;0&lt;/index&gt;&lt;poolid /&gt;&lt;height&gt;0&lt;/height&gt;&lt;/lane&gt;&lt;annotations /&gt;&lt;attachments /&gt;&lt;/designtimesettings&gt;</designtimesettings><attachments></attachments><annotations></annotations><dependants /><destinationnodes><destinationnode><nodeid>4</nodeid><nodetype>1</nodetype></destinationnode><destinationnode><nodeid>6</nodeid><nodetype>6</nodetype></destinationnode></destinationnodes><originnodes><originnode><nodeid>1</nodeid><nodetype>2</nodetype></originnode></originnodes><branchingrules /><runtimesettings>0</runtimesettings></nodedata><decisiondata><decisionname>IsDocumentsMissed</decisionname><description></description><decisiontext>&lt;Rule xmlns:xsd="http://www.w3.org/2001/XMLSchema" xmlns:xsi="http://www.w3.org/2001/XMLSchema-instance"&gt;&lt;RuleInputs /&gt;&lt;Script&gt;true&lt;/Script&gt;&lt;RuleType&gt;Decision&lt;/RuleType&gt;&lt;/Rule&gt;</decisiontext><trueid>4</trueid><trackstorejvh>0</trackstorejvh><casesensetive>1</casesensetive><inputvariables /></decisiondata></node><node><nodetype>1</nodetype><nodedata><processid>A1828D8C1E8EB8170061F002F72898FA</processid><version>16.000000</version><nodeid>4</nodeid><isstartnode>0</isstartnode><nodetype>1</nodetype><designtimetype>1</designtimetype><activationprobability>100</activationprobability><embeddedname></embeddedname><state /><statescope>0</statescope><activitymilestone></activitymilestone><activitymilestonescope>0</activitymilestonescope><activitypendmilestone></activitypendmilestone><activitypendmilestonescope>0</activitypendmilestonescope><activitydonemilestone></activitydonemilestone><activitydonemilestonescope>0</activitydonemilestonescope><nodependevent /><nodependeventscope>0</nodependeventscope><nodedoneevent /><nodedoneeventscope>0</nodedoneeventscope><titleposno>5</titleposno><embeddedproccount>0</embeddedproccount><iscustomnode>0</iscustomnode><designtimesettings>&lt;designtimesettings&gt;&lt;xposition&gt;665&lt;/xposition&gt;&lt;yposition&gt;389.425018310547&lt;/yposition&gt;&lt;width&gt;90&lt;/width&gt;&lt;height&gt;60&lt;/height&gt;&lt;inheritcolorfromsystem&gt;True&lt;/inheritcolorfromsystem&gt;&lt;colour&gt;#FFE3EDF3&lt;/colour&gt;&lt;textposition&gt;Top&lt;/textposition&gt;&lt;conditionpathdescription /&gt;&lt;lane&gt;&lt;name /&gt;&lt;index&gt;0&lt;/index&gt;&lt;poolid /&gt;&lt;height&gt;0&lt;/height&gt;&lt;/lane&gt;&lt;annotations /&gt;&lt;attachments /&gt;&lt;resourcenotes /&gt;&lt;/designtimesettings&gt;</designtimesettings><attachments></attachments><annotations></annotations><dependants /><destinationnodes><destinationnode><nodeid>1</nodeid><nodetype>1</nodetype></destinationnode></destinationnodes><originnodes><originnode><nodeid>3</nodeid><nodetype>1</nodetype></originnode></originnodes><branchingrules /><runtimesettings>0</runtimesettings></nodedata><activitydata><inputvariables><inputvariable><varid>FOLDERID</varid></inputvariable></inputvariables><outputvariables /><requiredresources /><usableresources><resource><resourcetype>3</resourcetype><resourcename>Everyone</resourcename><resourceid>7DF43CCDF24611D2804B00104B71BD15</resourceid><serverid>259ED8CAC70015459B75E79D5EA4FC16</serverid><unavailability>Default</unavailability><accesstype>0</accesstype><seqassignorder>1</seqassignorder><excluded>0</excluded></resource></usableresources><dynamicresourcesdata><overwriteusableresources>0</overwriteusableresources><dynamicresourcesvariables /></dynamicresourcesdata><targettime>0</targettime><delaytime>0</delaytime><expectedcost>0.000000</expectedcost><securitylevel>10</securitylevel><skilllevel>10</skilllevel><useprevioususer>0</useprevioususer><tasktype>2</tasktype><priority>1</priority><automatic>0</automatic><trackstorejvh>0</trackstorejvh><usesameasprevious>0</usesameasprevious><taskid>0</taskid><usesameasprevioustype>0</usesameasprevioustype><fixedcost>0.000000</fixedcost><taskname>Upload Missing Documents</taskname><resourceid /><createdby>6D9E4083980941B6B21DC97E36FA35F7</createdby><purpose></purpose><description></description><script></script><processid /><creationdate>2022-10-29T10:34:33.93260</creationdate><transactionalinfo /><createnewjobinfo><cnjprocessid></cnjprocessid><initparams></initparams><outputs></outputs><varid></varid><jobtype>0</jobtype><reftype>0</reftype></createnewjobinfo><scriptprogid></scriptprogid><preloadscript>1</preloadscript><assocfile>Reupload.form</assocfile><designinfo /><sleepinfo>0</sleepinfo><jobowneridinfo></jobowneridinfo><jobownervaridinfo></jobownervaridinfo><negativelagtime>0</negativelagtime><dynduedate>0</dynduedate><dynduedatevar /><dyntargetdurationvar /><sendemail>0</sendemail><emailto>0</emailto><subjecttext></subjecttext><subjectvar></subjectvar><contenttext></contenttext><contentvar></contentvar><urltext></urltext><urlvar></urlvar><appendassocfile>0</appendassocfile><dotnet /><webservice /><activityinfo><useadvworkflowrules>0</useadvworkflowrules><seqactivityassignment>0</seqactivityassignment><concuractivityaccess>0</concuractivityaccess><noofusableresourcesreq>0</noofusableresourcesreq><exitcondition></exitcondition><expandgroups>0</expandgroups><noofusableresourcesreqvarid /></activityinfo><categoryid>F6354CD7818C4AEF8C2B6DBA95461E2C</categoryid><poolid>0</poolid><activityruntimesettings>0</activityruntimesettings><activityragamberthreshold>0</activityragamberthreshold><activityragredthreshold>0</activityragredthreshold><activityragblackthreshold>0</activityragblackthreshold><activityragpurplethreshold>0</activityragpurplethreshold><form /><xmldata /><dataaccess /><getresourceinfo /><jobvariableinfo /><baminfo /><bpescalations /><preconditionslist /><startmethod></startmethod><classnamespace></classnamespace><resetlimit>-1</resetlimit><activitytimedoutaction>0</activitytimedoutaction><suspendreasontext></suspendreasontext><suspendreasonvarid></suspendreasonvarid></activitydata></node><node><nodetype>6</nodetype><nodedata><processid>A1828D8C1E8EB8170061F002F72898FA</processid><version>16.000000</version><nodeid>6</nodeid><isstartnode>0</isstartnode><nodetype>6</nodetype><designtimetype>0</designtimetype><activationprobability>100</activationprobability><embeddedname></embeddedname><state /><statescope>0</statescope><activitymilestone /><activitymilestonescope>0</activitymilestonescope><activitypendmilestone></activitypendmilestone><activitypendmilestonescope>0</activitypendmilestonescope><activitydonemilestone></activitydonemilestone><activitydonemilestonescope>0</activitydonemilestonescope><nodependevent /><nodependeventscope>0</nodependeventscope><nodedoneevent /><nodedoneeventscope>0</nodedoneeventscope><titleposno>5</titleposno><embeddedproccount>0</embeddedproccount><iscustomnode>0</iscustomnode><designtimesettings>&lt;designtimesettings&gt;&lt;xposition&gt;495&lt;/xposition&gt;&lt;yposition&gt;209.175018310547&lt;/yposition&gt;&lt;width&gt;30&lt;/width&gt;&lt;height&gt;30&lt;/height&gt;&lt;inheritcolorfromsystem&gt;True&lt;/inheritcolorfromsystem&gt;&lt;colour&gt;#FF9B0000&lt;/colour&gt;&lt;eventtype&gt;Default&lt;/eventtype&gt;&lt;name&gt;End&lt;/name&gt;&lt;textposition&gt;Top&lt;/textposition&gt;&lt;conditionpathdescription /&gt;&lt;lane&gt;&lt;name /&gt;&lt;index&gt;0&lt;/index&gt;&lt;poolid /&gt;&lt;height&gt;0&lt;/height&gt;&lt;/lane&gt;&lt;annotations /&gt;&lt;attachments /&gt;&lt;/designtimesettings&gt;</designtimesettings><attachments></attachments><annotations></annotations><dependants /><destinationnodes /><originnodes><originnode><nodeid>3</nodeid><nodetype>6</nodetype></originnode></originnodes><branchingrules /><runtimesettings>0</runtimesettings></nodedata></node></nodelist><documentprocessrulecollection /></processmap></processmaps>