<?xml version="1.0" encoding="utf-16"?>
<ArrayOfSessionVariable xmlns:xsd="http://www.w3.org/2001/XMLSchema" xmlns:xsi="http://www.w3.org/2001/XMLSchema-instance">
  <SessionVariable>
    <Identity>
      <Name>WORKQUEUE_FORM</Name>
      <Id>1E70BD400456422DBFA431767DC6CB0F</Id>
      <AutomaticallyPopulate>true</AutomaticallyPopulate>
    </Identity>
    <Description>The Workqueue Form.</Description>
    <Value />
    <IsLocalizable>false</IsLocalizable>
    <Category>
      <Id>201F370CA5164F76ADDD8EEEFF666AF7</Id>
      <AutomaticallyPopulate>true</AutomaticallyPopulate>
      <Name>Default Category</Name>
    </Category>
    <LastModifiedDateTime>2022-08-02T22:06:49.743</LastModifiedDateTime>
    <IsSecure>false</IsSecure>
  </SessionVariable>
  <SessionVariable>
    <Identity>
      <Name>EPC</Name>
      <Id>5E0F01E4914A48D08009FFC40C130EFF</Id>
      <AutomaticallyPopulate>true</AutomaticallyPopulate>
    </Identity>
    <Description>The EPC.</Description>
    <Value />
    <IsLocalizable>false</IsLocalizable>
    <Category>
      <Id>201F370CA5164F76ADDD8EEEFF666AF7</Id>
      <AutomaticallyPopulate>true</AutomaticallyPopulate>
      <Name>Default Category</Name>
    </Category>
    <LastModifiedDateTime>2022-08-02T22:06:49.743</LastModifiedDateTime>
    <IsSecure>false</IsSecure>
  </SessionVariable>
  <SessionVariable>
    <Identity>
      <Name>JOB_ID</Name>
      <Id>8A1DD88A21124A98A51B5679DE7FDCB4</Id>
      <AutomaticallyPopulate>true</AutomaticallyPopulate>
    </Identity>
    <Description>The Job ID.</Description>
    <Value />
    <IsLocalizable>false</IsLocalizable>
    <Category>
      <Id>201F370CA5164F76ADDD8EEEFF666AF7</Id>
      <AutomaticallyPopulate>true</AutomaticallyPopulate>
      <Name>Default Category</Name>
    </Category>
    <LastModifiedDateTime>2022-08-02T22:06:49.743</LastModifiedDateTime>
    <IsSecure>false</IsSecure>
  </SessionVariable>
  <SessionVariable>
    <Identity>
      <Name>NODE_ID</Name>
      <Id>AFBE96EA665E4F16A2FDA88044A23D0A</Id>
      <AutomaticallyPopulate>true</AutomaticallyPopulate>
    </Identity>
    <Description>The Node ID.</Description>
    <Value />
    <IsLocalizable>false</IsLocalizable>
    <Category>
      <Id>201F370CA5164F76ADDD8EEEFF666AF7</Id>
      <AutomaticallyPopulate>true</AutomaticallyPopulate>
      <Name>Default Category</Name>
    </Category>
    <LastModifiedDateTime>2022-08-02T22:06:49.743</LastModifiedDateTime>
    <IsSecure>false</IsSecure>
  </SessionVariable>
  <SessionVariable>
    <Identity>
      <Name>SME_IND_ConnectionString</Name>
      <Id>27A635EC23B0C5E97AC0918E286C6414</Id>
      <AutomaticallyPopulate>true</AutomaticallyPopulate>
    </Identity>
    <Description />
    <Value>Data Source=sql5064.site4now.net;Initial Catalog=DB_9AEC52_ClientData;User Id=DB_9AEC52_ClientData_admin;Password=Alisha_090</Value>
    <IsLocalizable>false</IsLocalizable>
    <Category>
      <Id>201F370CA5164F76ADDD8EEEFF666AF7</Id>
      <AutomaticallyPopulate>true</AutomaticallyPopulate>
      <Name>Default Category</Name>
    </Category>
    <LastModifiedDateTime>2022-10-28T05:15:28.727</LastModifiedDateTime>
    <IsSecure>false</IsSecure>
  </SessionVariable>
</ArrayOfSessionVariable>